sam uche,igbo
f.o. ogbeide,yoruba
people's choice,other
da boss,other
plassy,other
awwal,hausa
emem,other
goodluck nero,other
chidi andrew,igbo
edo boy,other
benny c,other
muhammed ali,hausa
thusspokez,other
uc,other
isioma,igbo
williy benson okoye,other
oneosunboi,other
pauloo,other
ezeigwe cletus,igbo
odi odi,igbo
ikechukwu okoro,igbo
sabirehab,hausa
nigeriacustomservice,other
surveyconcepts online,other
anna,igbo
nwaebule akor,igbo
ourcountry,other
jendor,other
vikky,other
kokoman,hausa
offia samuel,hausa
jamjob,other
rbj,other
trondheim,other
faith moyes,yoruba
kekeko,igbo
rockson,other
seg,other
hcker g,other
allahofislamisademon,yoruba
fromnigerdelta,other
daniel teclegiorgis,other
daddy tope,other
okorobinako,igbo
emerald,other
nasiru sani,hausa
ogechi ndubunma,igbo
doc souvy dam,other
ernesto,other
scalemax,other
abdoul jyze,other
don pee,other
fernando luis,other
otunbajebusite,yoruba
nigerpeople,other
sulyman suleiman,hausa
theseanbenito,other
wazo bia,hausa
uxhor,other
prisco,other
maximum,hausa
ogirinsala,hausa
ube ube,other
babas ebosele,yoruba
levelheaded,other
dozieya,other
nwamba,hausa
tunslo,other
bright andrew,other
solo la,yoruba
saint cross,other
micheal baresi,other
tblaze,other
nemza,hausa
onenaija,other
el thea,other
chukwuemeka emmanuel nwachukwu,igbo
pannamama,igbo
mike joe,other
valentine ezike,igbo
mr james,other
up,other
benjamin aseh,yoruba
emmanuel sunday,igbo
easternregion,other
plateuman,hausa
truth reigns,other
paschal obioma,igbo
"paul, in cape town",other
hygine,other
dagashh,hausa
robinson e. emeke,igbo
dauda ,hausa
benny agafa,other
dangote group of company,other
jamjob,other
wingrass,other
funso joshua,yoruba
yorubaawake,igbo
tonny ozodi,other
emi natan,hausa
idorenyinudokang,igbo
danjuma omeje,igbo
aviator,other
udogu sunday,igbo
emperocaesar,other
nigeriau,other
daniela cooker,other
ulo,other
bunmi,yoruba
blue star,other
bobo,other
dominic elvis,other
nivis emman,igbo
doperoyalty,other
toyin adekunle,yoruba
ugo onwukeme,igbo
zakut bechor,igbo
parrot,other
tunji babatope,yoruba
kay soyemi esq.,yoruba
dammieboi,other
proudly nigerian,other
monday emogabor,igbo
cherita orioye..,igbo
silvrhawk,hausa
scrollcreed,other
the empero of igbo,other
simonibekwe,igbo
babatope olabode,yoruba
men,other
ab lala,hausa
utali nmuo,hausa
mike anagafo,igbo
rachel samantha,hausa
yoruba camelion,igbo
tonye okoro,igbo
anthony james,other
celex,other
petsan,other
dr alomo,other
abdul dull daura,hausa
maitama sule,hausa
kevla,other
patrick okpara,other
sabisa sambisa,hausa
mtn nigeria,other
ken m,other
mdg,other
dike na asaba,hausa
thisday online newspapers,other
kanu t,hausa
fc,other
permanent conditions,other
carlito brasco,other
yarturo,hausa
vang comment,other
bujojohn,other
keeptick,other
mbanzai,hausa
russian,other
kel,other
drhope,other
niaja niaja,yoruba
micky heat,other
yemola,yoruba
sammyteez,other
tijjani tashi inuwa,hausa
ademola oni,yoruba
taiwo taiwo,hausa
bornne,other
edon b.,other
olugbenga oso,yoruba
jacksonj,other
jenny adams,igbo
phlex okoro,other
bunmiskye,yoruba
omotolaaraujo,yoruba
victor olaleye,yoruba
chiemex,igbo
nasiru sani,hausa
kumi,yoruba
letmypeoplebiafransgo,other
uzamere uwa,other
westman,other
chyke,other
ubochi blessing,other
engr danladi,other
alpha,other
femi arinze,hausa
tahaka,hausa
ally,other
youthrevolution,other
clario,other
tobago,yoruba
stormrider,other
elbatuta,hausa
oba tunde,yoruba
innoma,igbo
omeje edwin,other
rabiu olanrewaju,yoruba
geewhiz,other
divorcedemarriage,igbo
larrybiafra,other
lekkymiddlebelt,yoruba
ngozi efobi,igbo
adebayo,yoruba
aguneche ibe.,igbo
hoc baba,hausa
stan,other
vera e,other
billy salman,hausa
malam buhari,hausa
marcus ijele,hausa
tomcfuller,other
onwokeegbegideon,yoruba
joe chucks,other
frankbuttrue,other
okechukwu othniel,igbo
nnaemeka ekewuba,igbo
nyeso,other
muhdb,hausa
mr. a,other
jonny,other
nedling,other
aghogho okoboh,igbo
straight to the nail,other
maestro,other
mohammed jibril,hausa
anewchris,other
jamiu adeniran,yoruba
abiodun shehu,hausa
segun onalaja,yoruba
ny,other
vincentumenyiora,other
yahaya,hausa
abdulhakeem abdulmajeed,hausa
soso,yoruba
ola,yoruba
pinsmemohad,other
voit,other
nike roberts,other
nwaizu ikechukwu bruno,igbo
sunday akponana,igbo
adebayor ogunlaja,yoruba
darebakky,hausa
otunba,yoruba
brianking,other
ojukwu bucket,igbo
alagbara ,hausa
dja,other
onyi,other
dear nigerians,other
saidi athekame,hausa
suuru kayode,yoruba
engr atuegwu emekaksp,igbo
olivia olivia,igbo
grand maze,other
bem gbue,igbo
onnys,other
henry nnadimele,igbo
benbella,other
adamu yusuf,hausa
peter ajewole,other
udo ohanele,igbo
reggie iyizoba,yoruba
augustus,other
walker,hausa
bablow,other
abba amsami elgujja,hausa
uket godwin,igbo
akin aina,other
stephen eze,igbo
kon donald,other
nweke onyekachi,igbo
be wise,other
ruth oluwakemi,yoruba
ulo,other
apc is a failure and set back ,other
asekong,yoruba
miyake,yoruba
enemona,other
lovett richmond,other
auctions items,other
plowman,other
cbn cbn,other
kc,other
davidsahel,other
boye,yoruba
moses sylva,other
romaworldtechnologies deinde,yoruba
emmyholly,other
abo,hausa
"mcleish otuedon, phd, dba",other
adaku achilike,igbo
brendan owoko,igbo
bhora resimbi,other
onnys,other
  progress,other
lovett richmond,other
soni,yoruba
qdouglas,other
elohor akpodiete,igbo
luguard,other
akin onakoya,yoruba
chinedu bernard,igbo
kingsley obinna agbo,igbo
ebaah odibo,hausa
ugwu lucid,igbo
gbenle,yoruba
kuku rasaki adegbenga,yoruba
grace volt,other
ahmed   yahaya,hausa
michael nwafor,igbo
chrslemeh,other
newdawn,other
anne muyiwa,yoruba
niyi akinlabu,yoruba
toyi emmanuel,igbo
adamson,other
benjamin ogbovoh,igbo
nkwachukwu nwafor,igbo
bennett,other
femirae,other
carl mason,other
ajibade jegede,yoruba
bhadmus ramon,hausa
anicku,other
yardley wang,hausa
ismail,hausa
keye,yoruba
carron sanitary wares,other
eyo,other
banji apata,yoruba
made of more ,other
ndubuisi imo,igbo
jaiyeola,yoruba
tolu mogaji,yoruba
uche newton,other
yuyu,hausa
ken ajayi,yoruba
princepaulchinedudim,igbo
jamie jones,other
obinna nonso ezeifedi,igbo
toju micheal ogbe,igbo
tt,other
kolade,yoruba
igboham,hausa
muktar,hausa
uchenna ugokwe,igbo
dolamu dolamu,yoruba
ignaze,other
joetheblaster,other
olufemi oyedele,yoruba
manager,other
conlet oliver olumba,other
abdul emmanuel,igbo
engr. uche,other
niaja niaja,yoruba
michro,other
paul kelvin,other
akaraogun,yoruba
rick eson,other
aonc,other
ponoman,other
mt,other
felicia jones,other
akin denzeldavies,other
bigtt,other
mustapha,hausa
vusala,hausa
baatunde,yoruba
jeffery john,other
dr. samuel adesco.,hausa
efeturi ojakaminor,igbo
jessica stone,other
kehinde lawal,yoruba
boboredondo,other
tosaik,yoruba
ernest danjuma carter,other
austin uduogu,other
anekwe chibuzo,igbo
godson,other
adegoke oluwatunmise,yoruba
gentleb,other
tolu mogaji,yoruba
elvis uagbor,other
birdtrees,other
magnus,hausa
ik hammer,other
lukemanmohd,yoruba
bolaji bankole,yoruba
abbey,other
itayen p. itayen,yoruba
obinna onyenali,igbo
mfanon,other
afngrk,other
dodo,other
people's choice,other
obed,other
djayben,other
ifayemi aberuagba,yoruba
victor adaramola,yoruba
yahaska,hausa
efe kingsley godwin,igbo
a,other
terje monsen,other
darlington chukwuemeka ani,igbo
osi,other
md,other
bisi abiola,yoruba
jane edosomwan,igbo
toughie man,other
john takcett,other
christopher ilogho,other
moses akinmuyiwa,yoruba
ruby raut,other
arcdejialabi,hausa
akyn,other
eugeneike,igbo
abduljelil taiwo ayanlola,yoruba
sir louis,other
grayxme,other
anthonyg,other
charles ridg,other
ezzy umunnakwe,igbo
game changer,other
nabz real,other
onyechinedu,igbo
great mc,other
jodine henri,other
eloho olakpe,other
vip,other
todhost,other
franca adolphus,other
olajide kolawole,yoruba
david abiaokon,other
rabigyin,hausa
sunnypa ugedebe,igbo
stcenturyslave,other
charlieakpeumoh,other
femi fasoranti,yoruba
drinkwater,other
musa aliero,hausa
amaechi paulson,igbo
jagus,other
phils,other
giko,other
mikfaya,yoruba
aminu,hausa
mercy bayode,yoruba
adeoluwa oluwabuhari osunkojo,yoruba
yemmy,other
onweazu ngozi keshi,igbo
stanley chukwuma,igbo
stephen okocha,igbo
raymond brown,other
adamaka,igbo
jasonjabez,yoruba
jeremiah chiedu,igbo
ash asset,other
odus,other
dr real,other
alique,other
mike ekwempu,igbo
taiwo babalola,yoruba
charles godwin,igbo
johnny o,other
dipo,other
joseph kofi duncan,yoruba
mike olu,yoruba
seer,other
sengol,other
greatemperor claudius iii,other
saaduissa,hausa
omo delta,yoruba
robert etemiku,other
dangote group of company,other
fld,other
akin ojumu,yoruba
tibas,hausa
akwaowo,yoruba
tony usoro,other
jolas services,other
michael ibiorika,igbo
amaechi umegbogu,igbo
sadiq danazumi,hausa
ifeanyichukwu sunday,igbo
thetripod,other
anwo stanley,yoruba
dear nigerians,other
babagordy,hausa
tonnero,other
drfriday godwin isile,igbo
brownson,other
mohammed tanko,hausa
tochukwu okafor,igbo
chanticleer hegemony,other
kilani muraina,yoruba
prince george,other
aminu mahmoud,hausa
muhammad,hausa
fagarjaji,hausa
adeniyi adetunji,yoruba
blueeyedkitten,other
gabriel akwaja,hausa
nandi walshak,hausa
chiibyejindu,igbo
sanssouci,other
ola,yoruba
chinasa nwachuku,igbo
lawman nzenwa,hausa
jon,other
reggy,other
muhammad rabiu,hausa
adeniyi adetunji,yoruba
peter robertson,other
kevaj,other
mark okocha,igbo
sagir adamu,hausa
malik isah,hausa
yusuf,hausa
chym,other
nellyvictor,other
yusuf,hausa
fagarjaji,hausa
jae pete,other
jonathan atsua ikughur,hausa
musa muhammad,hausa
the optimist,other
nwaizu ikechukwu bruno,igbo
tess,other
es,other
sunytime,other
mr. abdin,hausa
abubakar inuwa muhammad,hausa
manager,other
reggy,other
deinde ayo,yoruba
introspectiveprognosis,other
disqusjljuayme,other
adeola,yoruba
sagittarius,hausa
ebony dollars,other
benny agafa,other
atinuke abdulsalami,hausa
mark okocha,igbo
abba nuhu yakub rijiyarlemo,hausa
zirem,other
akindeanthony,other
atinuke abdulsalami,hausa
edward osadebay,yoruba
collins martins,other
deinde ayo,yoruba
askthem,other
umar ardo,hausa
master williams williams,other
challeng,other
saifullahi s shehu,hausa
jones isaiah,other
abubakar jubril rotimi,hausa
abdussalami yaro,hausa
mr fagan,other
simon,other
tk,other
sagittarius,hausa
tess,other
abubakar inuwa muhammad,hausa
cryfornigeria,other
darlington,other
sir kivoz,other
alfa naibi,hausa
tafidan dogon daji,hausa
maigari,hausa
muhammad,hausa
temilade jones,other
idorenyinudokang,igbo
belluchii belluchii,igbo
baba jada,hausa
a.a.ngalos,other
"zacchaeus  akinleye, me, p.e.",igbo
qaulul haqq,hausa
nuorah,other
mukaro,hausa
hamza,hausa
kevaj,other
saidu,hausa
whentong,other
otunba spartacus,hausa
atinuke abdulsalami,hausa
yusuf lawal,hausa
wise man,other
femi,other
john john,other
tahir bunuhamza,hausa
mohammed sani,hausa
john,other
ato  hentop,other
abdul,other
john dee,other
nandi walshak,hausa
comfort musa,hausa
chiibyejindu,igbo
jumpingbrook,other
introspectiveprognosis,other
justice equity,other
shehu zarewa,hausa
jamil salihu,hausa
peaceometer,other
askthem,other
shehu zarewa,hausa
adeola,yoruba
alade robiu,yoruba
orlando da silva,other
lawal bello,hausa
john,other
mp joint chief,other
ahmed tukur,hausa
ahmed tukur,hausa
truthteller,other
introspectiveprognosis,other
adeniyi adetunji,yoruba
fagarjaji,hausa
muhammad,hausa
nuorah,other
jerome olowoyeye,yoruba
papred,other
qaulul haqq,hausa
okpada,yoruba
kingsley ubehieze,igbo
yunusa kadiri,hausa
mark okocha,igbo
the voice of the masses,other
bangiso mhlabeni,hausa
jonathan atsua ikughur,hausa
ma'aji caleb zonkwa,hausa
aliyu usman,hausa
truth,other
albert,other
sir demo,other
kinsly,other
vic,other
saidu,hausa
chym,other
yusuf auwal,hausa
chris,other
simon,other
atinuke abdulsalami,hausa
a.a.ngalos,other
mohammed dauda,hausa
peter robertson,other
edward osadebay,yoruba
robin hood,other
lucky,other
soji graphics,other
collins martins,other
kolapo,yoruba
"zacchaeus  akinleye, me, p.e.",igbo
robin hood,other
netanyahu,hausa
truth,other
challeng,other
ali garba,hausa
muhammad,hausa
sir kivoz,other
manager,other
jim,other
mamahannatu,hausa
kingsley ubehieze,igbo
kareem raji,hausa
elaja ogbonnaya,igbo
datti,other
olajide ogunlabi,yoruba
bangiso mhlabeni,hausa
august january,other
nkemakonam henry,igbo
lucy amady,hausa
abubakar siraju,hausa
mo',other
robin hood,other
aisha buhari for president,hausa
jonathan atsua ikughur,hausa
joyce anani,other
luisking,other
darlington,other
manager,other
iskacountryman,other
aliyu usman,hausa
abubakar siraju,hausa
lami t,hausa
nandi walshak,hausa
seeker,other
suleiman alatise,hausa
hotmata,hausa
adenekan samson adeniyi,yoruba
isyaku muhammad,hausa
orlando da silva,other
mp joint chief,other
kristo john,other
vboy,other
patricia utuetu,other
gloria osinachi,igbo
temilade jones,other
nura sabo anku,hausa
adeoye kehinde david,yoruba
mohammed dauda,hausa
adeniyi adetunji,yoruba
femi,other
jon,other
tafidan dogon daji,hausa
vboy,other
blueeyedkitten,other
art mon,other
cheta,other
vboy,other
joyce anani,other
salele,hausa
yusuf auwal,hausa
qaulul haqq,hausa
aliyu usman,hausa
dauda ,hausa
shehu zarewa,hausa
sunytime,other
kevaj,other
iskacountryman,other
hamzat abdulfattah,hausa
louisaike,hausa
onyedikachi oguaghamba,igbo
garkoji,hausa
yusuf lawal,hausa
degeneral,other
lawman nzenwa,hausa
mr fagan,other
august january,other
sir demo,other
david emoche,other
',other
the truthful.,other
mohammed dauda,hausa
emeka,igbo
deinde ayo,yoruba
northeast,other
netanyahu,hausa
infobcn wisdom,other
hamzat abdulfattah,hausa
bitacrim,other
abba nuhu yakub rijiyarlemo,hausa
udeme udofia,igbo
saifullahi s shehu,hausa
collins martins,other
evans lakoju,other
chidimma,igbo
metson,other
godwin samuel,igbo
orkaambe,igbo
sunday ude,igbo
tshow,other
crpg,other
francis mary,other
eniriches,other
sunytime,other
anon,other
josephine,igbo
abass jelili,other
elaja,yoruba
asuevie,other
udechukwu nnaji,igbo
bringbackourgirls now,igbo
kingsleyokoroafor,yoruba
wasiu,hausa
ayo albert oduntan,yoruba
uzoh from lagos,other
ofoedu ifeanyi ,igbo
nanmwa maaji,hausa
anochili jonas,igbo
e don do niaja,other
hudson akpama,igbo
victor jatau,hausa
dja,other
solaj,yoruba
discuss,other
wumi,yoruba
rose johnson,other
anuoluwapo emmanuel,igbo
sylvester daniel,other
donald,other
dolapo abdulah,yoruba
owoeye gbenga,yoruba
ndidi,igbo
popoola opeyemi utility,yoruba
abidilagungun,yoruba
tosin,yoruba
taiwo olasupo,yoruba
raphael adedayo,igbo
titicaca,other
frank,other
mekudi ba yaro ba,hausa
patrick whelan,other
max woody,other
nnomson,other
zzpartan,other
kayode josephj,yoruba
loko,other
omodondo,yoruba
sowande emmanuel feyisola,yoruba
tijani akhanene abu,hausa
sheyman,hausa
nuelsymbol,other
wordnota,other
prevail,other
michael nebo,igbo
jamin,hausa
jon walter,other
mike,yoruba
ade abanikannda,igbo
udo,other
akindeji victor bamidele,yoruba
jumpingbrook,other
eugene queen,other
timothy,other
alphatier,other
ameh aaron,other
johnboye,other
olami,yoruba
oyinlola,yoruba
ladipo,hausa
noble,other
efe warri,other
engr,other
simeon,other
kiefer,other
comrade akingbola temidayo,yoruba
kabir,hausa
asherdele,other
san,hausa
uto atiakatata,hausa
callistus u owuamanam,igbo
owolewa olusegun resourcecontr,yoruba
brian mcgrath,other
abdulkadir,hausa
mark brown,other
prince,other
shashi,hausa
drdre,other
ayatullah,hausa
stand out,other
gebrel john,other
chukwu,igbo
emekacc,igbo
haykins,other
aare,other
isiekwene chukwuma anthony,igbo
earn hour jobs by google,other
theargumentator,other
good sower ,other
ikechi jim nnah,igbo
johnbull,other
abiodunishola,yoruba
kboyediran,yoruba
happy williams,other
king,other
adegoke kazeem adetunji,yoruba
vincent steven adebayo,other
deacon otu ekpenyong,other
peter last,other
sean,other
chukwubueze ogeniile,igbo
from ibrahim aliyu,hausa
donlytrue,other
emmie,other
cara,other
ekong,other
mike,yoruba
asherdele,other
truthman,other
ojolo olayinka ,yoruba
bolade kalejaiye,yoruba
obamajack,yoruba
nnenna uzoma,igbo
mary kings,other
jude niran,hausa
mike jim,other
sperben mayor,other
thompson ofuru,other
auta,hausa
paddy pen power,other
philip,other
bally,hausa
guest,other
cy,other
osigwe felix oshioke aka dexxy,igbo
tgirl,other
niyi owoputi,yoruba
tanko maihula,hausa
cbn,other
fmn,other
the prophet,other
dele awogbeoba,yoruba
monti,other
babuyanma,hausa
victor olaleye,yoruba
abiodun damiro,yoruba
maruv,hausa
oba king ogboso,yoruba
godswill,other
progressive,other
gaskiya,hausa
ladwande,hausa
remzy,other
ucheoslo,other
dan,other
keep farming,yoruba
godwin samuel,igbo
john adams,other
fabian gbatoon,yoruba
chime  nwanguma,igbo
mohammed rabiu,hausa
ege,other
envoycolin,other
ndibe madu esq,igbo
ejoh amaka anthonia,igbo
carlo,other
tijani akhanene abu,hausa
chinonso,igbo
e don do niaja,other
ekwe,igbo
joyce anani,other
james,other
phil,other
time will tell,other
kaycee,other
adegboyega kolade,yoruba
kano boy,hausa
ike okonkwo,igbo
rich james,other
safiya johnson,hausa
ebitari,other
henry,other
nkem umeh,igbo
new nigeria,other
nanmwa maaji,hausa
honsyl global group uk,other
abraham,hausa
igboman,hausa
major gen,other
eugene jeff,other
mathew,other
jackson tores,other
adam moore,hausa
monsuru bello,hausa
ilubarde,hausa
monti,other
alfred charles ,other
profu,other
boss,other
chuks,other
delei,yoruba
tess,other
philip tudor,other
tay,hausa
dangte  cement,other
inans,other
famaks,other
mascot,other
henrileriche,other
ceejay ilo,other
yelwa,hausa
kamor lawal,hausa
alhaji oil money,hausa
oracle,other
david okpewho,other
onubanotu,hausa
titus,other
son of man,other
ette ,other
okey,yoruba
femi hassan,hausa
shola adedamola,yoruba
owoeye gbenga,yoruba
kunle zeal,other
olaoye,yoruba
gene  udu,other
myonepence,other
robby chenge,other
black pope,other
lala john,other
oluwadahunsi dare samuel,hausa
peter ogunlola,yoruba
julius joel,other
fidel,hausa
innocent maduka okoro,igbo
concerned citizen,other
vogue,other
best,other
hopeful,other
contact point,other
okafor emeka,igbo
henry,other
alonge,other
ven khai,other
jubril aponmade,yoruba
joejoe,other
femorimo,yoruba
usman idris,hausa
beee,other
jack straw,other
truth corner,other
adeystar,yoruba
williams adetunji,yoruba
payekeya,yoruba
otunba badmus malik shakirudee,hausa
prince yusuf,hausa
aduragbaprayerpoint,yoruba
mr,other
jay frank,other
emmanuel johnson,igbo
scruples,other
unani,hausa
regal fineboy oakwood,other
mos,other
chukwunonso onwuocha,igbo
c  benson,other
oliver nwosu,other
olorunmowaju,yoruba
joe,other
ben'o' sagay,hausa
chekwube,igbo
onlov,other
ayomi ,yoruba
john ajmes,other
paschal,other
buch,other
obalendecms,yoruba
animasaun saint,hausa
isi christopher,other
adesola titilola,yoruba
steps ,other
i'mmythical,other
dare idowu,other
special agent,other
nwokoro henry nlemchi,igbo
cyprain amadi,hausa
bongale,other
tsp,other
spencer akpan,other
dasdas,other
tobias,yoruba
lopezoabroad,yoruba
yetty,other
gabriel okeniyi,igbo
frank uche,other
adeoye id,yoruba
adesola,yoruba
egbuhuzor chinomso collins,igbo
fesojaye samuel,yoruba
dike na asaba,hausa
adm. uche uchenna,igbo
tujani,hausa
ajayi kelvin,yoruba
abu mu'awiya,hausa
prince ugo,other
idris toluwani,yoruba
justice,other
olawale,yoruba
laka,hausa
aare,other
augst,other
rufai ibraheem,hausa
chrisel,other
de manager,other
nossy nosito jackson,other
imons,other
richard wall,other
monday emogabor,igbo
joey zelley,other
james p,other
emy ndamba,igbo
patriotique,other
adebayo,yoruba
jonathanjames,other
adekunle daoud balogun,yoruba
friskygood,other
jonathan abamba,hausa
kabsy,hausa
dreay,other
frank,other
mistymoyus,other
gandrlee,other
k edede,yoruba
christian ewulonu,igbo
nagbanton tsaanakaa,igbo
winy,other
ajaone,other
davidic,other
toba atobatele,yoruba
karnika kata,hausa
mickyrouky,other
micheal christopher chinedu,other
makinde,yoruba
kings timiodiase,yoruba
exe,other
egbe izibili,igbo
joe mide,other
cee jay,other
godson faithful,other
noghe'edo gha ma,hausa
baba egba,hausa
theophilus,other
concerned resident,other
ojemba,yoruba
akangbe,hausa
xray,other
cornelius jelili ajibola olanr,igbo
still,other
ben benny,other
nwaimo st sio,hausa
newsnaij,other
jen,other
kemisola robert,yoruba
starlite,other
ogbara,yoruba
phoenix,other
ainasu,hausa
fantasy korokoro,other
christopher columbus,other
chigozie macdom,igbo
joebr,other
damilare,yoruba
nationalist,other
olufemi ,yoruba
fallguy,other
charles uzoma,igbo
justin,other
nigerian prince,other
cindy bishop,other
dung long,other
realteruchan,other
sashy,hausa
chipraise,igbo
emmanuel james,igbo
onike,yoruba
raqua samanda,hausa
kelly raymond,other
niyola,yoruba
imperialebony,other
augustine,other
afolo,yoruba
biafra  years,other
agu ji egbe ,igbo
sna,other
intelligent analysis,other
chinonso,igbo
olamilekan,yoruba
ibiwunmi,yoruba
parry b.,other
pedro,other
buhari ,hausa
lans,other
eshy lopez,other
euroharry,other
kanu smiling to the bank,other
tunji ,hausa
rafiu momoh,hausa
matthew abu,hausa
fol,other
stvincent,other
gabriel okeniyi,igbo
indigo blu,igbo
david foss,other
dimkpa,other
banky,yoruba
pweshie ,other
emmanuel fayemi,yoruba
efo don,other
simonibekwe,igbo
nijashow,yoruba
isi,other
alhaji hamidu,hausa
izuagba martins,hausa
dortdot,other
cletus ekoh ,hausa
luke olojede,yoruba
deleayoko,yoruba
naija united,hausa
adesola,yoruba
edward  shodeke,yoruba
lagos,other
gbenga omofe barca,hausa
amusa rasaw,hausa
lukmon busari,hausa
jaspa,other
okanlawon abayomi isaac,yoruba
marlon benson,other
jimmy carl,other
anthony olagunju,other
sean shittu,hausa
sunday ayorinde,yoruba
frank fr,other
mcshabi,hausa
fuel,other
taofeek adebayo,yoruba
straight forward,other
remi aro,hausa
rommel,other
joshuas,yoruba
udeagbala,yoruba
spencer,other
aguuno,yoruba
frankbuttrue,other
future,other
inyang williams,other
favour nnadi,igbo
maimalari,hausa
eagle eyes,other
olopercy,yoruba
obapompey,yoruba
buhari,hausa
agunwa chidi,igbo
chuks ngozi,igbo
oloye,yoruba
northwest allies,other
truth life,other
hakeem,hausa
okunbor ,yoruba
yomi falade,yoruba
ajayi robert ,yoruba
ogooluwa george,yoruba
awohenri,other
nigerian patriot,other
ogunpaimo omokenny omobolanle,yoruba
somi,yoruba
tayo oduyingbo,yoruba
ime edem,other
atuenye godwin,igbo
johan,other
topmost,yoruba
god dey,other
folayemi,yoruba
bobo,other
night crawler,other
sho olakunle kmoney,yoruba
hon amah udezeh amah,igbo
weezard,other
ezekiel. j.,igbo
eclipse,other
ascension,other
yemm,other
dafe,other
centok,other
justin lar,other
